feature,importance
candle_rejection,0.27032959844079035
bb_touch_strength,0.22154426143479025
rsi_value,0.21579211369847598
bb_width_pct,0.14605505033616722
volume_ratio,0.1106156090639298
prev_was_selloff,0.035663367025846264
