feature,importance
candle_body_pct,0.5263711116527119
price_momentum,0.1242334241736328
bb_position,0.09415555086656414
prev_candle_body_pct,0.07949974347932477
candle_rejection,0.07298422959305287
time_since_last_touch,0.03548528811009086
bb_touch_strength,0.023708571752026134
prev_volume_ratio,0.018519177382572454
rsi_value,0.014578929815371493
rsi_divergence,0.010463973174652703
