{
  "precision": {
    "mean": 0.4916433566433566,
    "std": 0.10168902224356889
  },
  "recall": {
    "mean": 0.17304158558538918,
    "std": 0.17299421803234968
  },
  "f1_score": {
    "mean": 0.215679979975282,
    "std": 0.1602954674444258
  },
  "auc_pr": {
    "mean": 0.45324225587320316,
    "std": 0.05101900946148385
  },
  "expected_value": {
    "mean": 4.415034965034965,
    "std": 7.118231557049822
  },
  "total_trades": 241,
  "n_folds": 5,
  "total_training_rows": 3274,
  "total_calibration_rows": 1518
}