{
  "precision": {
    "mean": 0.5883427585716319,
    "std": 0.09424720581386478
  },
  "recall": {
    "mean": 0.5325070028011204,
    "std": 0.299222565749343
  },
  "f1_score": {
    "mean": 0.48857156215950237,
    "std": 0.18365227569499618
  },
  "auc_pr": {
    "mean": 0.5386595022801767,
    "std": 0.07903078524062922
  },
  "expected_value": {
    "mean": 12.950848271446862,
    "std": 8.48224852324783
  },
  "total_trades": 185,
  "n_folds": 5,
  "total_training_rows": 864,
  "total_calibration_rows": 368
}